company_name,registered_address,breach_description,penalty_amount,appeal_status,breach_numbers,penalty_amount_pounds
Huckletree West Limited TCSP,"C/O Quantuma Advisory Limited, 7th Floor, 20 St Andrew St, London, EC4A 3AG",Breach is for failure to apply for registration at the required time,"£5,720.00",No appeal,"(56,)",5720.0
Miles And Bird Limited EAB,"12 Bridge Road Bridge Road, East Molesey, KT8 9HA",Breach is for failure to apply for registration at the required time,"£5,500.00",No appeal,"(56,)",5500.0
Rent Proof Limited EAB,"6 Well Street, Birmingham, B19 3BG",Breach is for failure to apply for registration at the required time,"£3,200.00",No appeal,"(56,)",3200.0
Churchill Knight Umbrella Limited Accountancy Service Provider (ASP),"Suite G Hollies House 230 High Street Potters Bar, EN6 5BL",Breach is for failure to apply for registration at the required time,"£52,000.00",No appeal,"(56,)",52000.0
R.A.S. Accounting Limited ASP,"4 Fore Street, Teignmouth, Devon, TQ14 8DZ",Breach is for failure to apply for registration at the required time,"£1,650.00",No appeal,"(56,)",1650.0
Axminster Property Limited EAB,"Unit 16C, Weycroft Avenue, Axminster, EX13 5HU",Breach is for failure to apply for registration at the required time.,"£1,250.00",No appeal,"(56,)",1250.0
Betsa Capital Partners Limited EAB,"3 High Street, East Grinstead, RH19 3AF",Breach is for failure to apply for registration at the required time.,"£26,200.00",No appeal,"(56,)",26200.0
James Hyman Fine Art Limited AMP,"124 Finchley Road, London, NW3 5JS",Breach is for failure to apply for registration at the required time.,"£1,350.00",No appeal,"(56,)",1350.0
Middleton & Co Estates Limited EAB,"72B High Street Shoreham By Sea, BN43 5DB",Breach is for failure to apply for registration at the required time.,"£2,750.00",No appeal,"(56,)",2750.0
Magnum Properties (NE) Limited EAB,"144 Linthorpe Road, Middlesbrough, TS1 3RA",Breach is for failure to apply for registration at the required time.,"£1,650.00",No appeal,"(56,)",1650.0
Kee Commercial Limited EAB,"Scottish Provident Building, 7 Donegall Square West, Belfast, Northern Ireland, BT1 6JH",Breach is for failure to apply for registration at the required time.,"£6,200.00",No appeal,"(56,)",6200.0
Ultimate Connexions Sales & Commercials Limited EAB,"25 Wellington Street, Luton, LU1 2QH",Breach is for failure to apply for registration at the required time.,"£1,650.00",No appeal,"(56,)",1650.0
Arthur Hamilton Accountancy Limited ASP,"124 City Road London, EC1V 2NX",Breach is for failure to apply for registration at the required time,"£1,050.00",No appeal,"(56,)",1050.0
BSmart Homes Limited EAB,"110 Church Street, Swinton, Mexborough, S64 8DQ",Breach is for failure to apply for registration at the required time,"£13,100.00",No appeal,"(56,)",13100.0
C.T Accountancy Limited TCSP,"23 Delph New Road, Dobcross, Oldham, OL3 5BA",Breach is for failure to apply for registration at the required time,"£2,750.00",No appeal,"(56,)",2750.0
Fairdeal Property & Financial Services Limited EAB,"4-4A Cavell Street, London, E1 2HP",Breach is for failures in notifying HMRC of material change,"£2,500.00",No appeal,"(21,)",2500.0
Hadley & Co (Sales) Limited EAB,"8 Church Green East, Redditch, B98 8BP",Breach is for failure to apply for registration at the required time.,"£2,550.00",No appeal,"(56,)",2550.0
MC Masters & Contemporary Limited AMP,"84 Brook Street London, W1K 5EH",Breach is for failure to apply for registration at the required time.,"£2,250.00",No appeal,"(56,)",2250.0
Rosalind Heywood T/A Rosalind Barrett ASP,"61 Prankerds Road, Milborne Port, Sherborne, DT9 5BX",Breach is for failure to apply for registration at the required time.,"£4,500.00",No appeal,"(56,)",4500.0
GBU Pro Limited ASP,"43 The Greensted, Basildon, SS14 1TA",Breach is for failure to apply for registration at the required time.,"£2,750.00",No appeal,"(56,)",2750.0
Essex Book Keeping Services Limited ASP,"Three Acres Motts Green, Little Hallingbury, Bishop’s Stortford, CM22 7RN",Breach is for failure to apply for registration at the required time.,"£2,750.00",No appeal,"(56,)",2750.0
Bradleys Estate Agents Limited EAB,"7 Stevenstone Road, Exmouth, Devon, EX8 2EP",Breach is for failure to apply for registration at the required time.,"£10,400.00",No appeal,"(56,)",10400.0
Parhi Limited ASP,"42 Nithsdale Road, Glasgow, G41 2AN",Breach is for failure to apply for registration at the required time.,"£2,900.00",No appeal,"(56,)",2900.0
Amcounting Services Limited ASP,"Unit 7 RFL House, Anderson Street, Dunblane, FK15 9AJ",Breach is for failure to apply for registration at the required time.,"£1,650.00",No appeal,"(56,)",1650.0
Austin Homes London Limited EAB,"White Collar Factory Old Street Yard, London, EC1Y 8AF",Breach is for failure to apply for registration at the required time.,"£13,300.00",No appeal,"(56,)",13300.0
St Galleries Limited AMP,"C/O Hilton Consulting Studio 133, Canalot Studios, 222 Kensal Road, London, W10 5BN",Breach is for failure to apply for registration at the required time.,"£10,000.00",No appeal,"(56,)",10000.0
River Accounts Limited ASP,"81 Dickens Road, Gravesend, DA12 2JX",Breach is for failure to apply for registration at the required time.,"£3,100.00",No appeal,"(56,)",3100.0
Loh-Kee Limited EAB,"Ground Floor, Cavendish House, Littlewood Drive, West 26 Business Park, Cleckheaton, BD19 4TE",Breach is for failure to apply for registration at the required time.,"£1,750.00",No appeal,"(56,)",1750.0
Martin Corrick Levy EAB,"443 Bury New Road, Prestwich, Manchester, M25 1AF",Breach is for failure to apply for registration at the required time.,"£1,250.00",No appeal,"(56,)",1250.0
Regent Real Estates Limited EAB,"Unit4, 9-25 Mile End Road, London, E1 4TP",Breach is for failure to apply for registration at the required time.,"£4,500.00",No appeal,"(56,)",4500.0
DZX Limited Money Service Business (MSB),"2 Coningsby Bank, St Albans, Hertfordshire, AL1 2NX",Breach is for failure in the provision of registration information.,"£1,740.00",No appeal,"(57,)",1740.0
ABC Education Consultancy Limited EAB,"Unit B2 Office New Smithfield Market, Whitworth Street East, Manchester, M11 2WJ",Breach is for failures in notifying HMRC of material change,"£2,500.00",No appeal,"(21,)",2500.0
Director Group Limited EAB,"167-169 Great Portland Street, 5Th Floor, London W1W 5PF",Breach is for failure to apply for registration at the required time.,"£2,250.00",No appeal,"(56,)",2250.0
Tanzy’s Properties Limited EAB,"76 St. Helens Road, Bolton, BL3 3NP",Breach is for failure to apply for registration at the required time.,"£4,500.00",No appeal,"(56,)",4500.0
Office Minder Limited ASP,"Unit B Swains Farm Buildings 89 The Street Little Clacton Essex, CO16 9LT",Breach is for failure to apply for registration at the required time.,"£6,500.00",No appeal,"(56,)",6500.0
Cam Bookkeeping Limited ASP,"Flat 45 Prospect House Donegal Street London, N1 9QD",Breach is for failure to apply for registration at the required time.,"£2,450.00",No appeal,"(56,)",2450.0
Terrence O’Brien EAB,"49A High Street, Wootton Bridge, Ryde, PO33 4LU",Breach is for failure to apply for registration at the required time.,"£1,450.00",No appeal,"(56,)",1450.0
Leander Royds Alternatives Limited EAB,"Studio 4 224 Shoreditch High Street, London, E1 6PJ",Breach is for failure to apply for registration at the required time.,"£2,450.00",No appeal,"(56,)",2450.0
Stephen Hudson ASP,"Willowmead, Mill Lane, Padworth, RG4 4JX",Breach is for failure to apply for registration at the required time.,"£1,850.00",No appeal,"(56,)",1850.0
Deborah Wyatt ASP,"Chelmtree, 194 London Road, Great Notley, Essex, CM77 7QH",Breach is for failure to apply for registration at the required time.,"£3,100.00",No appeal,"(56,)",3100.0
Kim Lisa Cooper ASP,"4 Thorney View, St. Peters Road Hayling Island, PO11 0RU",Breach is for failure to apply for registration at the required time.,"£1,450.00",No appeal,"(56,)",1450.0
Eleven Fine Art Limited AMP,"17 Gothic Road, Twickenham, Middlesex, TW2 5EH",Breach is for failure to apply for registration at the required time.,"£2,050.00",No appeal,"(56,)",2050.0
Lightlease Limited EAB,71-75 Shelton Street London WC2H 9JQ,Breach is for failure to apply for registration at the required time.,"£11,352.00",No appeal,"(56,)",11352.0
Blue Art Advisory Limited AMP,"32 Cliveden Place, London, SW1W 8HD",Breach is for failure to apply for registration at the required time.,"£5,900.00",No appeal,"(56,)",5900.0
Danlex Development Limited ASP,"13 Limes Avenue, Waltham Cross, EN8 7FR",Breach is for failure to apply for registration at the required time.,"£1,250.00",No appeal,"(56,)",1250.0
New Home at Last Limited EAB,1 Barons Walk Croydon CR0 7NY,Breach is for failure to apply for registration at the required time.,"£1,550.00",No appeal,"(56,)",1550.0
Piers Motley Auctions Limited AMP,"18 High Street, Budleigh Salterton, EX9 6LQ",Breach is for failure to apply for registration at the required time.,"£1,650.00",No appeal,"(56,)",1650.0
Dina Rathod Godfrey ASP,"271 Crescent Drive, Petts Wood, BR5 1AY",Breach is for failure to apply for registration at the required time.,"£4,500.00",No appeal,"(56,)",4500.0
Bradstowe Limited EAB,"133 High Street, Broadstairs, Kent CT10 1NG",Breach is for failure to apply for registration at the required time.,"£1,350.00",No appeal,"(56,)",1350.0
Auction Hammer Limited EAB,"Chimneys House, Warner Street, ST1 3DH",Breach is for failure to apply for registration at the required time.,"£1,350.00",No appeal,"(56,)",1350.0
Duxbury Advisory Limited AMP,"Suite Ff10 Brooklands House, 58 Marlborough Road, Lancing, BN15 8AF",Breach is for failure to apply for registration at the required time.,"£3,900.00",No appeal,"(56,)",3900.0
Ning Li London Limited AMP,"1St Floor 314 Regents Park Road, London, N3 2LT",Breach is for failure to apply for registration at the required time.,"£2,150.00",No appeal,"(56,)",2150.0
G A Services Norfolk Limited EAB,"10 Ash Grove South Wootton, King’s Lynn, PE30 3TS",Breach is for failure to apply for registration at the required time.,"£1,500.00",No appeal,"(56,)",1500.0
We Auction Property Limited EAB,"272 Bath Street, Glasgow, G2 4JR",Breach is for failure to apply for registration at the required time.,"£5,000.00",No appeal,"(56,)",5000.0
Gilly Holloway Property Search Limited EAB,"Oakley House, Tetbury Road Cirencester, GL7 1US",Breach is for failure to apply for registration at the required time.,"£2,750.00",No appeal,"(56,)",2750.0
Chanin Investments Limited EAB,"Unit 1 17 Pepper Street, London, E14 9RP",Breach is for failure to apply for registration at the required time.,"£1,650.00",No appeal,"(56,)",1650.0
3EA Limited EAB,"103 Talbot Road, Talbot Green, Pontyclun, CF72 8AE",Breach is for failure to apply for registration at the required time.,"£4,500.00",No appeal,"(56,)",4500.0
Jeremy Barlow Fine Art Limited AMP,"Langley House, Park Road, London, N2 8EY",Breach is for failure to apply for registration at the required time.,"£1,750.00",No appeal,"(56,)",1750.0
Elizabeth Edwards ASP,"28 Lowther Avenue, Bispham, Blackpool, FY2 9PE",Breach is for failure to apply for registration at the required time.,"£2,700.00",No appeal,"(56,)",2700.0
Coke Consulting Limited EAB,"100 South Street, Bishop’s Stortford, CM23 3BG",Breach is for failure to apply for registration at the required time.,"£18,200.00",No appeal,"(56,)",18200.0
Derek Eagles ASP,"3 Winkworth Place, Banstead, SM7 2AA",Breach is for failure to apply for registration at the required time.,"£2,750.00",No appeal,"(56,)",2750.0
Malcolm Martin EAB,"4 Ewhurst Road, Brockley, London, SE4 1AQ",Breach is for failure to apply for registration at the required time.,"£3,400.00",No appeal,"(56,)",3400.0
The Online National Residential Estate Agency Limited EAB,"F38 And F39 Cheadle Place, Stockport Road, SK8 2GL",Breach is for failure to apply for registration at the required time.,"£1,250.00",No appeal,"(56,)",1250.0
De Souza and Company Limited EAB,"Priestfield Farm Henfield Road, Albourne, BN6 9DE",Breach is for failure to apply for registration at the required time.,"£1,950.00",No appeal,"(56,)",1950.0
Kelly Bashford ASP,"2 Stanhope Road, Pease Pottage, Crawley, RH11 9GL",Breach is for failure to apply for registration at the required time.,"£1,250.00",No appeal,"(56,)",1250.0
Fox Associates Limited Liability Partnership ASP,"20 Coxon Street, Spondon, DE21 7JG",Breach is for failure to apply for registration at the required time.,"£13,200.00",No appeal,"(56,)",13200.0
Charlton Grace HW Limited EAB,"3 Hartley Mews, High Street, Hartley Wintney, RG27 8NX",Breach is for failure to apply for registration at the required time.,"£14,400.00",No appeal,"(56,)",14400.0
J & J Le Roux Limited ASP,"37 Denison Road, London, SW19 2DJ",Breach is for failure to apply for registration at the required time.,"£1,850.00",No appeal,"(56,)",1850.0
Merry & Co Limited ASP,"6 Downing Drive, Great Barton, Suffolk, IP31 2RP",Breach is for failure to apply for registration at the required time.,"£2,750.00",No appeal,"(56,)",2750.0
Essex Real Estates Limited EAB,"357 Eastern Avenue Grants Hill, Ilford, IG2 6NE",Breach is for failure to apply for registration at the required time.,"£2,500.00",No appeal,"(56,)",2500.0
Ahmed Anjum & Co Limited ASP,"161 Chapel Street, Nelson, BB9 8EA",Breach is for failure to apply for registration at the required time.,"£1,500.00",No appeal,"(56,)",1500.0
Barkerstourton Property Search Limited EAB,"Manchester House High Street, Stalbridge, Sturminster Newton, Dorset, DT10 2LL",Breach is for failure to apply for registration at the required time.,"£4,500.00",No appeal,"(56,)",4500.0
Comstar Property Limited EAB,"364 Holderness Road, Hull, HU9 3DL",Breach is for failure to apply for registration at the required time.,"£5,500.00",No appeal,"(56,)",5500.0
Craydella Property Sourcing Limited EAB,"20-22 Wenlock Road, London, N1 7GU",Breach is for failure to apply for registration at the required time.,"£1,450.00",No appeal,"(56,)",1450.0
Pointon (Nuneaton) Limited EAB,"4 Bond Gate Chambers Bond Gate Nuneaton, CV11 4AL",Breach is for failure to apply for registration at the required time.,"£2,500.00",No appeal,"(56,)",2500.0
The Chris Martin Partnership Limited EAB,"11 Church Lane, Leeds, LS28 7LD",Breach is for failure to apply for registration at the required time.,"£5,000.00",No appeal,"(56,)",5000.0
Rob Dean Art Limited AMP,"C/O Hilton Consulting, Studio 133, Canalot Studios, London, W10 5BN",Breach is for failure to apply for registration at the required time.,"£14,000.00",No appeal,"(56,)",14000.0
Black and Golds Limited EAB,"117 Stratford Road, Solihull, B90 3ND",Breach is for failure to apply for registration at the required time.,"£3,000.00",No appeal,"(56,)",3000.0
Page & Rodgers Estate Limited EAB,"15 Windsor Street, Chertsey, KT16 8AY",Breach is for failure to apply for registration at the required time.,"£2,500.00",No appeal,"(56,)",2500.0
Regal Park Property Company Limited EAB,"7 Office Village, Cygnet Park, Peterborough, PE7 8GX",Breach is for failure to apply for registration at the required time.,"£1,450.00",No appeal,"(56,)",1450.0
Joost Van den Bergh Limited AMP,"1 Princes Place, Duke Street, London, SW1Y 6DE",Breach is for failure to apply for registration at the required time.,"£6,400.00",No appeal,"(56,)",6400.0
Eren Kartal ASP,"32A Church Street, Enfield, EN2 6BA",Breach is for failure to apply for registration at the required time.,"£3,100.00",No appeal,"(56,)",3100.0
Ryan Elsam Estates Limited EAB,"31 Balfour Road, Walmer, CT14 7HU",Breach is for failure to apply for registration at the required time.,"£1,350.00",No appeal,"(56,)",1350.0
ABG Images (UK) Limited AMP,"16 Waterloo Place London, SW1Y 4AR",Breach is for failure to apply for registration at the required time.,"£36,400.00",Appeal received,"(56,)",36400.0
AA Property Advisors Limited EAB,"128 City Road, London, EC1V 2NX",Breach is for failure to apply for registration at the required time.,"£3,100.00",No appeal,"(56,)",3100.0
TPL Property Professional Limited EAB,"15 Strang Place, Foundry Loan, Larbert, FK5 4GS",Breach is for failure to apply for registration at the required time.,"£2,150.00",No appeal,"(56,)",2150.0
Impey & Company Limited EAB,"88 Lower Hillgate Stockport, SK1 3AL",Breach is for failure to apply for registration at the required time.,"£3,300.00",No appeal,"(56,)",3300.0
Hadland Commercial Surveyors Limited EAB,"310 Wellingborough Road, Northampton, NN1 4EP",Breach is for failure to apply for registration at the required time.,"£5,655.00",No appeal,"(56,)",5655.0
Gallerybr Limited AMP,"Brent House, 382 Gloucester Road, Cheltenham, GL51 7AY",Breach is for failure to apply for registration at the required time.,"£5,480.00",No appeal,"(56,)",5480.0
TWG (1857) Limited AMP,"10 Market Hill, Diss, IP22 4WJ",Breach is for failure to apply for registration at the required time.,"£15,600.00",No appeal,"(56,)",15600.0
Parnell Jordy And Harvey Limited EAB,"5 Winchester Street, Overton, Basingstoke, RG25 3HR",Breach is for failure to apply for registration at the required time.,"£5,400.00",No appeal,"(56,)",5400.0
S W Miles & Company Limited ASP,"75 Willow Road Willow Road, Barrow Upon Soar LE12 8GP",Breach is for failure to apply for registration at the required time.,"£3,400.00",No appeal,"(56,)",3400.0
2Taxpoint Limited ASP,"Ty Coch Broadlay, Ferryside, SA17 5UB",Breach is for failure to apply for registration at the required time.,"£2,550.00",No appeal,"(56,)",2550.0
White Tax Returns Limited ASP,"2 Wyevale Business Park, Herefordshire, HR4 7BS",Breach is for failure to apply for registration at the required time.,"£1,250.00",No appeal,"(56,)",1250.0
Hadland Commercial Surveyors Limited EAB,"310 Wellingborough Road, Northampton, NN1 4EP",Breach is for failure to apply for registration at the required time.,"£5,655.00",No appeal,"(56,)",5655.0
Beyond Governance Limited TCSP,"Dsco, The Tower The Maltings, Hoe Lane, Ware, SG12 9LR",Breach is for failure to apply for registration at the required time.,"£1,550.00",No appeal,"(56,)",1550.0
Lock & Key Estate Agents Limited EAB,"Unit 1A Dalton Court, Commercial Road, Darwen, BB3 0DG",Breach is for failure to apply for registration at the required time.,"£2,750.00",No appeal,"(56,)",2750.0
Middleton Perry Limited EAB,"Castle View, Dinas Powys, Vale Of Glamorgan, CF64 4HL",Breach is for failure to apply for registration at the required time.,"£26,200.00",No appeal,"(56,)",26200.0
Peter Millard & Partners Limited AMP,"13-17 Hursley Road, Chandlers Ford, Eastleigh, SO53 2FW",Breach is for failure to apply for registration at the required time.,"£1,950.00",No appeal,"(56,)",1950.0
Nicoletti Contemporary Limited AMP,"91-93 Paul Street, London, EC2A 4NY",Breach is for failure to apply for registration at the required time.,"£3,900.00",No appeal,"(56,)",3900.0
Bury Art Investment Limited AMP,"Third Floor 104-108 Oxford Street, London, W1D 1LP",Breach is for failure to apply for registration at the required time.,"£1,750.00",No appeal,"(56,)",1750.0
Clarendon Capital Limited EAB,"101 New Cavendish Street, 1st Floor South, London, W1W 6XH",Breach is for failure to apply for registration at the required time.,"£4,500.00",No appeal,"(56,)",4500.0
Shore Sales & Lettings Limited EAB,"1349-1353 London Road, Leigh-On- Sea, SS9 2AB",Breach is for failure to apply for registration at the required time.,"£2,000.00",No appeal,"(56,)",2000.0
Evans Dekyi ASP,"Flat 8 Jubilee House, 2 Reedworth Street, London, SE11 4PE",Breach is for failure to apply for registration at the required time.,"£1,850.00",No appeal,"(56,)",1850.0
Anthony Reynolds Gallery Limited AMP,"112 Great Titchfield Street, London, W1W 6SW",Breach is for failure to apply for registration at the required time.,"£1,550.00",No appeal,"(56,)",1550.0
Meades Group Limited ASP,"39 The Metro Centre, Tolpits Lane, Watford, WD19 9SB",Breach is for failure to apply for registration at the required time.,"£13,300.00",No appeal,"(56,)",13300.0
BPL Estates Limited EAB,"Create Business Hub Ground Floor, 5 Rayleigh Road, Hutton, CM13 1AB",Breach is for failure to apply for registration at the required time.,"£5,000.00",No appeal,"(56,)",5000.0
Dorissa Abigail Hayden ASP,"56 Norwood High Street, London SE27 9NR",Breach is for failure to apply for registration at the required time.,"£9,000.00",No appeal,"(56,)",9000.0
Analyser Consulting Limited ASP,"G05 Boston Enterprise Centre, Enterprise Way, Boston, PE21 7TW",Breach is for failure to apply for registration at the required time.,"£1,250.00",No appeal,"(56,)",1250.0
Pantheon Art Limited AMP,"Wey Court West Union Road Farnham, GU9 7PT",Breach is for failure to apply for registration at the required time.,"£1,750.00",No appeal,"(56,)",1750.0
Primitive & Modern Limited AMP,"35/37 Ludgate Hill, London, EC4M 7JN",Breach is for failure to apply for registration at the required time.,"£13,000.00",Appeal received,"(56,)",13000.0
Y M Art Ventures Limited AMP,Flat 1 37 Oakley Street London SW3 5NT,Breach is for failure to apply for registration at the required time.,"£3,900.00",No appeal,"(56,)",3900.0
Bruce & Company Limited EAB,"5 South Charlotte Street Edinburgh, EH2 4AN",Breach is for failure to apply for registration at the required time.,"£3,100.00",No appeal,"(56,)",3100.0
Sandfield Accounting Limited ASP,"13 Southside Crescent, Kewstoke, Weston-Super- Mare, BS22 9UY",Breach is for failure to apply for registration at the required time.,"£2,900.00",No appeal,"(56,)",2900.0
Startfine Property Limited EAB,"14 Sandhill Lawns, Sandhill Lane, Leeds, LS17 6TT",Breach is for failure to apply for registration at the required time.,"£1,350.00",No appeal,"(56,)",1350.0
Property Acquisitions Limited EAB,"Appledram Barns Birdham Road, Chichester, PO20 7EQ",Breach is for failure to apply for registration at the required time.,"£4,500.00",No appeal,"(56,)",4500.0
Gowland White (Surveyors & Estate Agents) Limited EAB,"101 High Street, Yarm, TS15 9BB",Breach is for failure to apply for registration at the required time.,"£3,100.00",No appeal,"(56,)",3100.0
Stackhouse and Cave Limited ASP,"11 High Street, West Cowick, Goole, DN14 9EB",Breach is for failure to apply for registration at the required time.,"£6,400.00",No appeal,"(56,)",6400.0
Louvain Properties Limited EAB,"108 Commercial Street, Tredegar, Wales, NP22 3DW",Breach is for failure to apply for registration at the required time.,"£7,000.00",No appeal,"(56,)",7000.0
Burton Wallis Limited ASP,"63 Fosse Way, Syston, Leicester, LE7 1NF",Breach is for failure to apply for registration at the required time.,"£2,050.00",No appeal,"(56,)",2050.0
Atchams Limited EAB,"Holly Farm Wolverley, Wem, Shrewsbury, SY4 5NQ",Breach is for failure to apply for registration at the required time.,"£7,000.00",No appeal,"(56,)",7000.0
Locate Estate Agent Urmston Limited EAB,"3 Victoria Parade, Urmston, Manchester, M41 9BP",Breach is for failure to apply for registration at the required time.,"£2,500.00",No appeal,"(56,)",2500.0
Balch Estate Agents (Chelmsford) Limited EAB,"Saxon House, 27 Duke Street, Chelmsford, CM1 1HT",Breach is for failure to apply for registration at the required time.,"£5,900.00",No appeal,"(56,)",5900.0
Trinity Residental Land Limited EAB,"5A Cornmarket, Thame, Oxfordshire, OX9 3DX",Breach is for failure to apply for registration at the required time.,"£13,800.00",No appeal,"(56,)",13800.0
W&S Accounting Services Limited ASP,"Corby Business Centre, Eismann Way, Corby, NN17 5ZB",Breach is for failure to apply for registration at the required time.,"£1,250.00",No appeal,"(56,)",1250.0
Redferns Exeter Limited EAB,30 Penny Close Exminster EX6 8SU,Breach is for failure to apply for registration at the required time.,"£2,750.00",No appeal,"(56,)",2750.0
Quince Park Associates Limited ASP,The Lodge Park Road Somerset BA4 5BS,Breach is for failure to apply for registration at the required time.,"£14,500.00",No appeal,"(56,)",14500.0
Property Near Me Limited EAB,"333 Preston Road, Grimsargh Preston, PR2 5JT",Breach is for failure to apply for registration at the required time.,"£5,600.00",No appeal,"(56,)",5600.0
Minors & Brady Limited EAB,"Church Road, Hoveton, Norwich, NR12 8UG",Breach is for failure to apply for registration at the required time.,"£23,400.00",Appeal received,"(56,)",23400.0
Geist Holdings Limited AMP,Harwood House 43 Harwood Road London SW6 4QP,Breach is for failure to apply for registration at the required time.,"£2,100.00",No appeal,"(56,)",2100.0
Total Tax Limited ASP,"9 Atlantis Avenue, London, E16 2UD",Breach is for failure to apply for registration at the required time.,"£3,700.00",No appeal,"(56,)",3700.0
212 Services Limited ASP,"Suite 212 Oaklands House 21 Hope Carr Road Leigh Wigan, WN7 3ET",Breach is for failure to apply for registration at the required time.,"£3,600.00",No appeal,"(56,)",3600.0
Albro Services Limited ASP,"59 Kimpton Close, Hemel Hempstead, HP2 7PW",Breach is for failure to apply for registration at the required time.,"£2,650.00",No appeal,"(56,)",2650.0
Paxtons Estate Agents (Sales) Limited EAB,"The Barn, Bangle Farm Stoney Lane, Chantry, Frome, BA11 3LH",Breach is for failure to apply for registration at the required time.,"£3,000.00",No appeal,"(56,)",3000.0
Caden Property Services Limited EAB,"8 Percy Street Rotherham, S65 1ED",Breach is for failure to apply for registration at the required time.,"£1,750.00",No appeal,"(56,)",1750.0
Bloom Residential Limited EAB,"Labs Triangle Lock Market, Camden, London, NW1 8AB",Breach is for failure to apply for registration at the required time.,"£2,500.00",No appeal,"(56,)",2500.0
Kevin Ford & Co Limited EAB,"19 High Street, Cheadle, Stoke-On- Trent, ST10 1AA",Breach is for failure to apply for registration at the required time.,"£3,700.00",No appeal,"(56,)",3700.0
Hudson Property Services Limited EAB,"Minstergate House, White Hart Street, Thetford, Norfolk, IP24 1AA",Breach is for failure to apply for registration at the required time.,"£3,500.00",No appeal,"(56,)",3500.0
Weldon Beesly LLP EAB,"100 South Street, Bishops Stortford, CM23 3BG",Breach is for failure to apply for registration at the required time.,"£13,500.00",No appeal,"(56,)",13500.0
RPG Invest Limited EAB,"Suite 3, 3Rd Floor, Didsbury House, 748-754 Wilmslow Road, Manchester, M20 2DW",Breach is for failure to apply for registration at the required time.,"£3,200.00",No appeal,"(56,)",3200.0
Chesters Estates EAB,"32 Orsett Road, Grays, Essex, RM17 5EB",Breach is for failure to apply for registration at the required time.,"£3,100.00",No appeal,"(56,)",3100.0
Brock Estates Limited EAB,"C/O Edwards Veeder LLP 260/8 Chapel Street, Salford, Manchester, M3 5JZ",Breach is for failure to apply for registration at the required time.,"£2,750.00",No appeal,"(56,)",2750.0
Peter Hritz ASP,"7 Lord Wardens Vale, Bangor, BT19 1GH",Breach is for failure to apply for registration at the required time.,"£2,750.00",No appeal,"(56,)",2750.0
Gavin Paul Myers EAB,"32 Durnsford Avenue, Fleet Hampshire GU52 7TB",Breach is for failure to apply for registration at the required time.,"£7,000.00",No appeal,"(56,)",7000.0
Donna Marie Dale ASP,"Flat 3, 2 Day Street Liverpool, L13 2DS",Breach is for failure to apply for registration at the required time.,"£1,350.00",No appeal,"(56,)",1350.0
Your Payroll Team Limited ASP,"Patch 5-6 Grays Brewery Yard, Chelmsford, CM2 6QR",Breach is for failure to apply for registration at the required time.,"£1,550.00",No appeal,"(56,)",1550.0
PGKW Limited EAB,"17 Beaufort Road, Newport, NP19 7ND",Breach is for failure to apply for registration at the required time.,"£2,500.00",No appeal,"(56,)",2500.0
SCL Finance Manager Limited ASP,"19 Trenchard Drive, Berry Hill, Coleford, Gloucestershire, GL16 7SL",Breach is for failure to apply for registration at the required time.,"£2,750.00",No appeal,"(56,)",2750.0
Sara Estate Limited EAB,"263A Cricklewood Lane, London, NW2 2JJ",Breach is for failure to apply for registration at the required time.,"£2,750.00",No appeal,"(56,)",2750.0
A.A. Property Services UK Limited EAB,"392 Finchley Road, London, NW2 2HR",Breach is for failure to apply for registration at the required time.,"£2,500.00",No appeal,"(56,)",2500.0
Accountancy and Business Support (UK) Limited ASP,"108 Whitworth Road, Rochdale, OL12 0JJ",Breach is for failure to apply for registration at the required time.,"£3,600.00",No appeal,"(56,)",3600.0
Amarco Estates Limited EAB,"18 Main Street, Coatbridge, ML5 3AE",Breach is for failure to apply for registration at the required time.,"£1,250.00",No appeal,"(56,)",1250.0
Apex Land Limited EAB,"Unit 8 Scorrier Business Park, Scorrier, Redruth, Cornwall, TR16 5AU",Breach is for failure to apply for registration at the required time.,"£13,200.00",No appeal,"(56,)",13200.0
S Price & Co Limited ASP,"2 The Courtyard, Greenfields Ind Estate, Congleton Cheshire, CW12 4TR",Breach is for failure to apply for registration at the required time.,"£13,200.00",No appeal,"(56,)",13200.0
Martin & Martin Business Services Limited ASP,"11 Green Meadows Bamfurlong Cheltenham, Gloucestershire, GL51 6SN",Breach is for failure to apply for registration at the required time.,"£2,800.00",No appeal,"(56,)",2800.0
Homer Estates Limited EAB,"27-29 Columbia Road, Bournemouth, BH10 4DZ",Breach is for failure to apply for registration at the required time.,"£1,350.00",No appeal,"(56,)",1350.0
Property Bid Auctioneers Limited EAB,"Sterling House, 71 Francis Road, Birmingham, B16 8SP",Breach is for failure to apply for registration at the required time.,"£1,350.00",No appeal,"(56,)",1350.0
Abbeyview Properties Kent Limited EAB,"3 Conqueror Court, Sittingbourne, ME10 5EH",Breach is for failure to apply for registration at the required time.,"£7,000.00",No appeal,"(56,)",7000.0
Adam Wojnar Property Invest Limited EAB,"Flat 2, 89-91 Heaton Road, Heaton Chapel, SK4 4JH",Breach is for failure to apply for registration at the required time.,"£1,250.00",No appeal,"(56,)",1250.0
Hayward Tod Associates Limited EAB,"6 Paternoster Row, Carlisle, Cumbria, CA3 8TT",Breach is for failure to apply for registration at the required time.,"£10,000.00",No appeal,"(56,)",10000.0
City Relay Limited EAB,"Ground And First Floors, 10 Cromwell Place, London, SW7 2JN","Breach is for failures in having the correct policies, controls and procedures, appropriate staff training and conducting due diligence.","£15,000.00",No appeal,"(19, 24, 33)",15000.0
Time Accounts Limited ASP,"Office 35, Basepoint Business Centre, Shoreham-By-Sea, BN43 5EG",Breach is for failures in notifying HMRC of material change.,"£2,500.00",No appeal,"(21,)",2500.0
Houseen Lettings and Property Services Limited EAB,"10B Wilbury Villas Hove, BN3 6GZ",Breach is for failures in notifying HMRC of material change.,"£2,500.00",No appeal,"(21,)",2500.0
Altaif Money Transfer Limited MSB,"1350 Greenford Road, Greenford, London, UB6 0HL",Breach is for failures in notifying HMRC of material change.,"£7,500.00",No appeal,"(21,)",7500.0
United Services Limited MSB,"193 Seven Sisters Road London, N4 3NG",Breach is for failure in the provision of registration information.,"£2,740.00",No appeal,"(57,)",2740.0
Your Local Accountants Limited ASP,"5 Chigwell Road, London, E18 1LR",Breach is for failures in notifying HMRC of material change.,"£2,500.00",No appeal,"(21,)",2500.0
South Street Capital (UK) Limited EAB,York House Thornfield Business Park Northallerton DL6 2XQ,Breach is for failures in notifying HMRC of material change.,"£2,500.00",No appeal,"(21,)",2500.0
Asha Solutions Limited ASP,"First Floor, 10 Village Way, Pinner, HA5 5AF",Breach is for failure in the provision of registration information.,"£2,740.00",Appeal received,"(57,)",2740.0
Compass Business Services Limited ASP,"95 High Street, Fife, KY14 7PR",Breach is for failures in the provision of registration information.,"£1,680.00",No appeal,"(57,)",1680.0
Hopton Marriott Hillier Limited EAB,"Alton House, 117 High Street, Newmarket, CB8 9WL","Breach is for failures in carrying out risk assessments, having the correct policies, controls and procedures, appropriate staff training, conducting due diligence, and relying on a third party to conduct customer due diligence measures.","£9,394.00",No appeal,"(18, 19, 24, 28, 39)",9394.0
Ecobride Limited ASP,"Suite F, 1-3 Canfield Place, London, NW6 3BT",Breach is for failures in notifying HMRC of material change.,"£5,000.00",No appeal,"(21,)",5000.0
Hearnes Wimborne Limited EAB,"6 Cook Row, Wimborne, BH21 1LB",Breach is for failures in carrying out risk assessments and conducting due diligence.,"£3,333.00",No appeal,"(18, 28)",3333.0
Hearnes Bournemouth Limited EAB,"122 Old Christchurch Road, Bournemouth, BH1 1LU",Breach is for failures in carrying out risk assessments and conducting due diligence.,"£3,333.00",No appeal,"(18, 28)",3333.0
Hearnes Poole Limited EAB,"18-20 Parkstone Road, Poole, BH15 2PG",Breach is for failures in carrying out risk assessments and conducting due diligence.,"£3,333.00",No appeal,"(18, 28)",3333.0
Jaks Services Limited MSB,"Unit 82A James Carter Road Mildenhall Bury St Edmunds, IP23 7DE",Breach is for failure in the provision of registration information.,"£2,740.00",No appeal,"(57,)",2740.0
TAG Accountants (N.I.) Limited ASP,"81A Galgorm Road, Ballymena, Northern Ireland, BT42 1AA",Breach is for failures in carrying out risk assessments and notifying HMRC of material change.,"£10,000.00",No appeal,"(18, 21)",10000.0
Diane J Bolland ASP,"40 Caxton Road, Hoddesdon, EN11 9PG",Breach is for failures in notifying HMRC of material change.,"£2,500.00",No appeal,"(21,)",2500.0
Bayze Trading Limited MSB,"52 Hawkins Drive, Chafford Hundred, Grays Essex, RM16 6GG",Breach is for failures in notifying HMRC of material change.,"£5,000.00",No appeal,"(21,)",5000.0
Dorchester Group Limited MSB,"3, Tilney Street London, W1K 1BJ",Breach is for failures in notifying HMRC of material change.,"£2,500.00",No appeal,"(21,)",2500.0
Rowland Graham Moores HVD,"Lilac Farm, Dorchester Road, Bridport, DT6 4LH",Breach is for failure to apply for registration at the required time.,"£5,500.00",No appeal,"(56,)",5500.0
Martin Adams ASP,"Flat 10 Leighton Lodge, 15 Branksome Wood Road, Bournemouth, BH2 6BX",Breach is for failure to apply for registration at the required time.,"£9,000.00",No appeal,"(56,)",9000.0
Sivagobikrishna Sivagnanasundram T/A Krish Accounting & Co ASP,"43 Brangbourne Road, Bromley, London, BR1 4LL",Breach is for failure to apply for registration at the required time.,"£5,300.00",No appeal,"(56,)",5300.0
Paul Financial Consulting ASP,"282 Lewisham High Street, London, SE13 6JZ",Breach is for failure to apply for registration at the required time.,"£5,500.00",No appeal,"(56,)",5500.0
Certax Accounting Chelmsford Limited ASP,"44 Oak Lodge Tye, Chelmsford, CM1 6GZ",Breach is for failure to apply for registration at the required time.,"£1,500.00",No appeal,"(56,)",1500.0
N V Property Management Limited EAB,"Flat 100, Landau, 72 Farm Lane, SW6 1QA",Breach is for failure to apply for registration at the required time.,"£5,500.00",No appeal,"(56,)",5500.0
Thyme Accounting Services Limited ASP,"Flat 10 Leighton Lodge, 15 Branksome Wood Road, Bournemouth, BH2 6BX",Breach is for failure to apply for registration at the required time.,"£9,000.00",No appeal,"(56,)",9000.0
Malcolm James & Partners Estate Agents Limited EAB,"16 High Causeway, Whittlesey, Peterborough, PE7 1AE",Breach is for failure to apply for registration at the required time.,"£4,100.00",No appeal,"(56,)",4100.0
MEP Law Limited TCSP,"12 Hammersmith Grove, London, W6 7AP",Breach is for failure to apply for registration at the required time.,"£12,400.00",No appeal,"(56,)",12400.0
Robin Jessop Limited EAB,"Scruton House Station Road, Scruton, North Yorkshire, DL7 0QN",Breach is for failure to apply for registration at the required time.,"£26,000.00",No appeal,"(56,)",26000.0
Sims Reed Gallery Limited AMP,"8 Wolsey Mansions, Main Avenue Moor Park, Northwood, HA6 2HL",Breach is for failure to apply for registration at the required time.,"£2,500.00",No appeal,"(56,)",2500.0
D Robson Property Management Limited EAB,"107 Scrogg Road, Walker, Newcastle Upon Tyne, NE6 4HA",Breach is for failure to apply for registration at the required time.,"£2,750.00",No appeal,"(56,)",2750.0
Festo Accountancy Limited ASP,"124 City Road, London, EC1V 2NX",Breach is for failure to apply for registration at the required time.,"£4,200.00",No appeal,"(56,)",4200.0
Mill Lake Investments Limited EAB,"40-42 Brantwood Avenue, Dundee, DD3 6EW",Breach is for failure to apply for registration at the required time.,"£3,200.00",No appeal,"(56,)",3200.0
Pinnacle Payroll & Accounting Partners Limited ASP,"78 York Street, London, WH1 1DP",Breach is for failure to apply for registration at the required time.,"£1,950.00",No appeal,"(56,)",1950.0
A S D Accountancy Services Limited ASP,"34 Radway Road, Upper Shirley,, Southampton, SO15 7PJ",Breach is for failure to apply for registration at the required time.,"£7,000.00",No appeal,"(56,)",7000.0
Johnson’s Bookkeeping Services Limited ASP,"7 Hawfinch Green, Desborough, Northants, NN14 2GJ",Breach is for failure to apply for registration at the required time.,"£3,800.00",No appeal,"(56,)",3800.0
Carve Property Limited EAB,"42-44 Bishopsgate, London, EC2N 4AH",Breach is for failure to apply for registration at the required time.,"£3,300.00",No appeal,"(56,)",3300.0
The Estates Office Limited ASP,"The Old Bank Argyll Square, Oban, Argyll, PA34 4AZ",Breach is for failure to apply for registration at the required time.,"£13,200.00",No appeal,"(56,)",13200.0
Casework Services Community Interest ASP,"Unit 1 Ten Pound Walk, Doncaster, DN4 5HX",Breach is for failure to apply for registration at the required time.,"£3,900.00",No appeal,"(56,)",3900.0
Febrh Limited EAB,"Meryll House 57 Worcester Road, Bromsgrove, B61 7DN",Breach is for failure to apply for registration at the required time.,"£1,650.00",No appeal,"(56,)",1650.0
Houghton Homes Estate Agents Limited EAB,"27 Church Street, Atherton, Manchester, M46 9DE",Breach is for failure to apply for registration at the required time.,"£1,750.00",No appeal,"(56,)",1750.0
Rachael Cunningham Limited ASP,"9 Perseverance Works, Kingsland Road, London E2 8DD",Breach is for failure to apply for registration at the required time.,"£1,550.00",No appeal,"(56,)",1550.0
Point Properties North West Limited EAB,"182-184 Smithdown Road, Liverpool, L15 3JR",Breach is for failure to apply for registration at the required time.,"£7,000.00",No appeal,"(56,)",7000.0
Mike Rogerson Estate Agents Limited EAB,"87 Station Road, Ashington, Northumberland, NE63 8RS",Breach is for failure to apply for registration at the required time.,"£5,000.00",No appeal,"(56,)",5000.0
Adamsons City Accountants Limited ASP,"Suite 311, 1-3 Coventry Road, Ilford, IG1 4QR",Breach is for failure to apply for registration at the required time.,"£2,500.00",No appeal,"(56,)",2500.0
Mavor & Co Limited EAB,"16 Union Square, West Calder, West Lothian, EH55 8EY",Breach is for failure to apply for registration at the required time.,"£2,500.00",No appeal,"(56,)",2500.0
Tracey Pickard ASP,"33 Woodlands View, Looe, PL13 2AW",Breach is for failure to apply for registration at the required time.,"£4,400.00",No appeal,"(56,)",4400.0
Studio Ashby Limited AMP,"Albert Goodman, Lupin Way, Yeovil, BA22 8WW",Breach is for failure to apply for registration at the required time.,"£2,050.00",No appeal,"(56,)",2050.0
Contractors Aps Limited ASP,"Amba House, 15 College Road Harrow, HA1 1BA",Breach is for failure to apply for registration at the required time.,"£4,500.00",No appeal,"(56,)",4500.0
Encore Accountancy Services Limited ASP,"1 Brickhill Drive, Bedford, MK41 7PY",Breach is for failure to apply for registration at the required time.,"£3,100.00",No appeal,"(56,)",3100.0
P&T Management Services Limited ASP,"Office 496 321-323 High Road, Chadwell Heath, Romford, RM6 6AX",Breach is for failure to apply for registration at the required time.,"£1,950.00",No appeal,"(56,)",1950.0
Robinson Financial Consultancy Limited ASP,"31 Elmswood Gardens, Sherwood Nottinghamshire, NG5 4AY",Breach is for failure to apply for registration at the required time.,"£2,750.00",No appeal,"(56,)",2750.0
GD Accounting Services Limited ASP,"2 Pevensey Avenue, London, N11 2RD",Breach is for failure to apply for registration at the required time.,"£4,200.00",No appeal,"(56,)",4200.0
AG & Co Digital Accounting Limited ASP,"167-169 Great Portland Street, 5th Floor, London, W1W 5PF",Breach is for failure to apply for registration at the required time.,"£2,500.00",No appeal,"(56,)",2500.0
Borron Shaw Management Limited EAB,"63 Market Street, Hindley, Wigan, WN2 3AE",Breach is for failure to apply for registration at the required time.,"£9,900.00",No appeal,"(56,)",9900.0
Accuratus Green Limited ASP,"Nexus, 6 Darby Close, Swindon, Wiltshire, SN2 2PN",Breach is for failure to apply for registration at the required time.,"£1,450.00",No appeal,"(56,)",1450.0
Niven & Co Limited EAB,"34 Hamilton Avenue, St. Andrews, KY16 8EH",Breach is for failure to apply for registration at the required time.,"£1,350.00",No appeal,"(56,)",1350.0
Sandy Cameron Property Consultants Limited EAB,"19 Rutland Square, Edinburgh EH1 2BB",Breach is for failure to apply for registration at the required time.,"£2,750.00",No appeal,"(56,)",2750.0
Bernard Ho ASP,"3 Trent Avenue, London, W5 4TL",Breach is for failure to apply for registration at the required time.,"£4,200.00",No appeal,"(56,)",4200.0
Malik Property Group Limited EAB,"38 West Road, Fenham, Newcastle Upon Tyne, NE4 9PY",Breach is for failure to apply for registration at the required time.,"£2,450.00",No appeal,"(56,)",2450.0
A.P. Sheehan & Co Limited EAB,"97 High Street, Lees, Oldham OL4 4LY",Breach is for failure to apply for registration at the required time.,"£1,750.00",No appeal,"(56,)",1750.0
Sophie Lyne ASP,"12 Holcombe Drive, Plymouth, PL9 9JD",Breach is for failure to apply for registration at the required time.,"£3,100.00",No appeal,"(56,)",3100.0
Saxton Mee Crookes Limited EAB,"245 Crookes, Sheffield, S10 1TF",Breach is for failure to apply for registration at the required time.,"£5,000.00",No appeal,"(56,)",5000.0
Nicola Jones ASP,"Lower Penhale Farm, St Keyne, Liskeard, PL14 4QW",Breach is for failure to apply for registration at the required time.,"£2,750.00",No appeal,"(56,)",2750.0
Maisto E Associati ASP,"53- 54 Grosvenor Street, London, W1K 3HU",Breach is for failure to apply for registration at the required time.,"£1,450.00",No appeal,"(56,)",1450.0
LM Accountancy Services Limited ASP,"9A St. Marnock Place, Kilmarnock, KA1 1DU",Breach is for failure to apply for registration at the required time.,"£3,800.00",No appeal,"(56,)",3800.0
Bridgehouse Company Secretaries Limited TCSP,"Suite 2.06, Bridge House, 181 Queen Victoria Street, London, EC4V 4EG",Breach is for failure to apply for registration at the required time.,"£3,250.00",No appeal,"(56,)",3250.0
Perviz Ahmed EAB,"12 Stockiemuir Avenue, Bearsden, Glasgow, G61 3JH",Breach is for failure to apply for registration at the required time.,"£3,600.00",No appeal,"(56,)",3600.0
Sarah Page ASP,"13 Highgrove, Gillingham, Dorset, SP8 4SA",Breach is for failure to apply for registration at the required time.,"£2,750.00",No appeal,"(56,)",2750.0
Stephen Watters EAB,"Unit 55, Enniskillen Business Centre, 21 Lackaghboy Road, Lackaghboy, BT74 4RL",Breach is for failure to apply for registration at the required time.,"£6,100.00",No appeal,"(56,)",6100.0
Pangolin London Limited AMP,"4 Chapel Row, York, BA1 1HN",Breach is for failure to apply for registration at the required time.,"£1,750.00",No appeal,"(56,)",1750.0
Esstee Associates Limited ASP,"G30, Regus Atterbury Lakes, Milton Keynes, MK10 9RG",Breach is for failure to apply for registration at the required time.,"£13,100.00",No appeal,"(56,)",13100.0
HEB Surveyors (Nottingham) LLP EAB,"Canalside House, 6 Canal Street, Nottingham, NG1 7EH",Breach is for failure to apply for registration at the required time.,"£14,500.00",No appeal,"(56,)",14500.0
Technoestates Limited EAB,"102 Acre Lane, London, SW2 5QN",Breach is for failure to apply for registration at the required time.,"£2,750.00",No appeal,"(56,)",2750.0
Morland Fine Art Limited AMP,"3 The Shrubberies, George Lane, London, E18 1BD",Breach is for failure to apply for registration at the required time.,"£14,000.00",No appeal,"(56,)",14000.0
North Oxford Property Services Limited EAB,"4Th Floor, St James House, St. James Square, Cheltenham GL50 3PR",Breach is for failure to apply for registration at the required time.,"£1,650.00",No appeal,"(56,)",1650.0
Claylands Green Lane ASP,"Great Horkesley, Colchester, Essex, CO6 4HD",Breach is for failure to apply for registration at the required time.,"£7,000.00",No appeal,"(56,)",7000.0
Diddi Malek and Associates Limited AMP,"C/O Langdowns Dfk, Kingsgate House Newbury Road, Hampshire, SP10 4DU",Breach is for failure to apply for registration at the required time.,"£2,350.00",No appeal,"(56,)",2350.0
K.A.K. Limited EAB,"Colet Estates 91 Hammersmith Road, Kensington, W14 0QH",Breach is for failure to apply for registration at the required time.,"£3,200.00",No appeal,"(56,)",3200.0
BU Homes Limited EAB,"56 130 Kineton Green Road, Solihull, B92 7EF",Breach is for failure to apply for registration at the required time.,"£3,000.00",No appeal,"(56,)",3000.0
Goldmart Limited HVD,"2 Houndgate Darlington Co Durham, DL1 5RL",Breach is for failure to apply for registration at the required time.,"£5,700.00",No appeal,"(56,)",5700.0
Good Accounts UK Limited TCSP,"Office 1.03 Vauxhall Sky Gardens, 153 Wandsworth Road, London, SW8 2GB",Breach is for failure to apply for registration at the required time.,"£5,000.00",No appeal,"(56,)",5000.0
AH Accountancy Services Limited ASP,"45 The Fairways, Dukinfield, Greater Manchester, SK16 5GH",Breach is for failure to apply for registration at the required time.,"£4,500.00",No appeal,"(56,)",4500.0
Upfinance Solutions Limited ASP,"225 Brixton Road, London, SW9 6LW",Breach is for failure to apply for registration at the required time.,"£2,900.00",No appeal,"(56,)",2900.0
Errigal Accountants Limited ASP,"196 Upper Lisburn Road, Finaghy, Belfast, BT10 0LA",Breach is for failure to apply for registration at the required time.,"£3,200.00",No appeal,"(56,)",3200.0
Bottom Line Consultancy Limited ASP,"1 North Church Street, Callander, FK17 8EE",Breach is for failure to apply for registration at the required time.,"£2,700.00",No appeal,"(56,)",2700.0
David Chadwick Limited EAB,"2Nd Floor, 10/12 Bourlet Close, London, W1W 7BR",Breach is for failure to apply for registration at the required time.,"£2,500.00",No appeal,"(56,)",2500.0
Vertus Residential Management Limited EAB,"30Th Floor One Canada Square Canary Wharf London, E14 5AB",Breach is for failure to apply for registration at the required time.,"£1,650.00",No appeal,"(56,)",1650.0
Valiant Properties Limited EAB,"11 Church Terrace, Wisbech, PE13 1BL",Breach is for failure to apply for registration at the required time.,"£2,050.00",No appeal,"(56,)",2050.0
Harris Bell Associates (Scarborough) Limited EAB,"14 Promenade, Bridlington, YO15 2PX",Breach is for failure to apply for registration at the required time.,"£5,500.00",No appeal,"(56,)",5500.0
AB Properties (Lanarkshire) Limited EAB,"2Nd Floor (East) Belgrave Court, Rosehall Road, Bellshill, North Lanarkshire ML4 3NR",Breach is for failure to apply for registration at the required time.,"£2,750.00",No appeal,"(56,)",2750.0
Empire Estates Properties Limited EAB,"19 Manchester Road, Burnley, BB11 1HG",Breach is for failure to apply for registration at the required time.,"£2,750.00",No appeal,"(56,)",2750.0
CGT Sales Limited EAB,"119 Promenade, Cheltenham, GL50 1NW",Breach is for failure to apply for registration at the required time.,"£1,450.00",No appeal,"(56,)",1450.0
Knightsbridge Land Limited EAB,"Prospect House, 2 Athenaeum Road, London, N20 9AE",Breach is for failure to apply for registration at the required time.,"£6,500.00",No appeal,"(56,)",6500.0
K Allan Properties Limited EAB,"Watergate House, Watergate, Kirkwall, KW15 1PD",Breach is for failure to apply for registration at the required time.,"£4,000.00",No appeal,"(56,)",4000.0
Atlantis Properties Limited EAB,"72 Station Road, Harrow, HA1 2SQ",Breach is for failure to apply for registration at the required time.,"£14,400.00",No appeal,"(56,)",14400.0
C Residential Limited EAB,"Globe House, Upper Brook Street, Rugeley, WS15 2DN",Breach is for failure to apply for registration at the required time.,"£5,000.00",No appeal,"(56,)",5000.0
The Romans Group (UK) Limited EAB,"Crowthorne House, Nine Mile Ride, Wokingham, RG40 3GZ",Breach is for failures in notifying HMRC of material change.,"£2,500.00",No appeal,"(21,)",2500.0
Naish Estate Agents Limited EAB,"3 High Petergate, York, YO1 7EN",Breach is for failure to apply for registration at the required time.,"£2,500.00",No appeal,"(56,)",2500.0
Alabaster Property Limited EAB,"Dalton House, 60 Windsor Avenue, London, SW19 2RR",Breach is for failure to apply for registration at the required time.,"£7,000.00",No appeal,"(56,)",7000.0
Mary Jacklin ASP,10 Shire Close Bagshot GU19 5RA,Breach is for failure to apply for registration at the required time.,"£2,750.00",No appeal,"(56,)",2750.0
Andrew Firth Fine Art And Antiques Limited AMP,"112-114 Whitegate Drive Blackpool Lancashire, FY3 9XH",Breach is for failure to apply for registration at the required time.,"£2,350.00",No appeal,"(56,)",2350.0
Robert Forbes ASP,"3 Barclay Park, Aboyne, Aberdeenshire, AB34 5JF",Breach is for failure to apply for registration at the required time.,"£4,500.00",No appeal,"(56,)",4500.0
Jem Accounting ASP,"5 Hagley Court South, The Waterfront, Brierley Hill, DY5 1XE",Breach is for failure to apply for registration at the required time.,"£3,000.00",No appeal,"(56,)",3000.0
Hillier Properties Limited EAB,"Orchard Lea, Blind Lane, Barton St David, Somerset, TA11 6BW",Breach is for failure to apply for registration at the required time.,"£7,000.00",No appeal,"(56,)",7000.0
Lisa Sampson ASP,"26 Culm Valley Way, Uffculme, Cullompton, EX15 3XZ",Breach is for failure to apply for registration at the required time.,"£2,750.00",No appeal,"(56,)",2750.0
Liam Irving Property Limited EAB,"Unit 4 Clifford Court, Cooper Way, Carlisle, CA3 0JG",Breach is for failures in notifying HMRC of material change,"£2,500.00",No appeal,"(21,)",2500.0
Marshall Murray Limited AMP,"7-9 The Avenue, Eastbourne, East Sussex, BN21 3YA",Breach is for failure to apply for registration at the required time.,"£4,100.00",No appeal,"(56,)",4100.0
Anna Kirrage Art Advisory Limited AMP,"Gresham House, 5- 7 St Pauls Street, Leeds, LS1 2JG",Breach is for failure to apply for registration at the required time.,"£3,300.00",No appeal,"(56,)",3300.0
Castle Wildish Residential Limited EAB,"1 Park Road Hampton Wick, Kington Upon Thames, KT1 4AS",Breach is for failure to apply for registration at the required time.,"£14,200.00",No appeal,"(56,)",14200.0
Holland Broadbridge EAB,"Agriculture House, 5 Barker St, Shrewsbury, SY1 1QJ",Breach is for failure to apply for registration at the required time.,"£5,000.00",No appeal,"(56,)",5000.0
Cade Estate Agency Limited EAB,"82 Oswald Road Scunthorpe, North Lincolnshire, DN15 7PA",Breach is for failure to apply for registration at the required time.,"£5,600.00",No appeal,"(56,)",5600.0
A and D Meats Limited HVD,"Unit 16 Eastway Business Village, Olivers Place, Fulwood, Preston, PR2 9WT",Breach is for failure to apply for registration at the required time.,"£104,000.00",No appeal,"(56,)",104000.0
A1 Accounting Services Limited ASP,"12 Wilcox Road, London, SW8 2UX",Breach is for failure to apply for registration at the required time.,"£1,850.00",No appeal,"(56,)",1850.0
Arduino Chambers Limited EAB,"9 Broadwater Down, Tunbridge Wells, TN2 5NJ",Breach is for failure to apply for registration at the required time.,"£1,550.00",No appeal,"(56,)",1550.0
C M Morars Limited ASP,"23 Harold Avenue, Belvedere, DA17 5NN",Breach is for failure to apply for registration at the required time.,"£2,050.00",No appeal,"(56,)",2050.0
Park Move Limited EAB,"8-9 Red Lion Street, Red Lion Street, Stamford, Lincolnshire, PE9 1PA",Breach is for failure to apply for registration at the required time.,"£13,400.00",No appeal,"(56,)",13400.0
Dalton RJM Limited TCSP,"13 Taylors Lane Buckden, St Neots, PE19 5TD",Breach is for failure to apply for registration at the required time.,"£7,000.00",No appeal,"(56,)",7000.0
Alan Douglas ASP,"12 Stuart Close, Moreton, Wirral, CH46 9RZ",Breach is for failure to apply for registration at the required time.,"£1,500.00",No appeal,"(56,)",1500.0
Serenoty Accounts Limited ASP,"124 City Road, London, EC1V 2NX",Breach is for failure to apply for registration at the required time.,"£1,350.00",No appeal,"(56,)",1350.0
R W Camp ECY Limited ASP,"Frogowse, Station Lane, Newport, HU15 2PX",Breach is for failure to apply for registration at the required time.,"£2,750.00",No appeal,"(56,)",2750.0
WHRD Limited EAB,"Boyces Building, 40- 42 Regent Street, Bristol, BS8 4HU",Breach is for failure to apply for registration at the required time.,"£4,500.00",No appeal,"(56,)",4500.0
Whitlock And Heaps Limited EAB,"65 Sackville Road, Hove, BN3 3WE",Breach is for failure to apply for registration at the required time.,"£13,100.00",No appeal,"(56,)",13100.0
Apex RPC Limited EAB,"The Gables 3 Rushmoor Lane, Backwell, Bristol, BS48 3BN",Breach is for failure to apply for registration at the required time.,"£14,100.00",No appeal,"(56,)",14100.0
Rainer Zietz Limited HVD,"Unit 2 15 Barley Mow Passage, London, W4M 4PH",Breach is for failure to apply for registration at the required time.,"£2,150.00",No appeal,"(56,)",2150.0
Allia Bond Services Limited TCSP,"Cheyne House Crown Court 62-63 Cheapside London, EC2V 6AX",Breach is for failure to apply for registration at the required time.,"£20,800.00",No appeal,"(56,)",20800.0
MBFD Limited ASP,"Flat 22, 2, Firewatch Court Candle Street, London, E1 4RU",Breach is for failure to apply for registration at the required time.,"£3,200.00",No appeal,"(56,)",3200.0
Cally Joanne Butler ASP,"30 Hampden Close, Yate, Bristol, BS37 5UW",Breach is for failure to apply for registration at the required time.,"£4,500.00",No appeal,"(56,)",4500.0
Steven Jakar EAB,"5 Melrose Avenue Borehamwood Herts, WD6 2BH",Breach is for failure to apply for registration at the required time.,"£13,000.00",No appeal,"(56,)",13000.0
One Stop Accounting Services Limited ASP,"106 Wigmore Road, Carshalton, Surrey, SM5 1RQ",Breach is for failure to apply for registration at the required time.,"£2,750.00",No appeal,"(56,)",2750.0
Mark Mason ASP,5 Fargate Close South Kirkby Pontefract WF9 3LJ,Breach is for failure to apply for registration at the required time.,"£2,500.00",No appeal,"(56,)",2500.0
Phoenix Strategies Limited ASP,"7 Caxton House, Mount Sion, Royal Tunbridge Wells, TN1 1UB",Breach is for failure to apply for registration at the required time.,"£6,400.00",No appeal,"(56,)",6400.0
John Douglas ASP,"Flat 2, Kendal House, Carholme Road, London, SE23 2HU",Breach is for failure to apply for registration at the required time.,"£5,500.00",No appeal,"(56,)",5500.0
Tramps International Limited AMP,"8th Floor, 6 New Street Square, London, EC4A 3AQ",Breach is for failure to apply for registration at the required time.,"£13,900.00",No appeal,"(56,)",13900.0
Eisken Properties Limited EAB,76 Mansel Street Swansea Wales SA1 5TW,Breach is for failure to apply for registration at the required time.,"£2,500.00",No appeal,"(56,)",2500.0
Main Homes Limited EAB,"347 High Road, Ilford, IG1 1TE",Breach is for failure to apply for registration at the required time.,"£1,350.00",No appeal,"(56,)",1350.0
P T Symes Limited ASP,"10 Hawkmoor Parke, Bovey Tracey Newton Abbot TQ13 9NL",Breach is for failure to apply for registration at the required time.,"£14,500.00",No appeal,"(56,)",14500.0
Hillcrest Services Limited ASP,"70A Osbaldeston Road, London, N16 7DR",Breach is for failure to apply for registration at the required time.,"£1,750.00",No appeal,"(56,)",1750.0
TCN UK Limited EAB,"Doghouse, 150 Friar Street, Reading, RG1 1HE",Breach is for failure to apply for registration at the required time.,"£2,750.00",No appeal,"(56,)",2750.0
L&S Prestige Estates Limited EAB,"46 High Road, Lane Head, Willenhall, West Midlands, WV12 4JQ",Breach is for failure to apply for registration at the required time.,"£7,000.00",No appeal,"(56,)",7000.0
MCN Accountants Limited ASP,"208 Mutton Lane, Potters Bar, EN6 2AW",Breach is for failure to apply for registration at the required time.,"£1,500.00",No appeal,"(56,)",1500.0
A Home To Rent Limited EAB,"Unit 16 Townmead Business Centre William Morris Way, Fulham, SW6 2SZ",Breach is for failure to apply for registration at the required time.,"£2,750.00",No appeal,"(56,)",2750.0
Olufemi Adebanjo Sijuade ASP,"144 Upper Rainham Road, Hornchurch, RM12 4EE",Breach is for failure to apply for registration at the required time.,"£4,500.00",No appeal,"(56,)",4500.0
Michael Ellis ASP,"4 Riverview Park, Catford, London, SE6 4PN",Breach is for failure to apply for registration at the required time.,"£6,400.00",No appeal,"(56,)",6400.0
Vesper Manchester Limited EAB,"96 Kensington High Street, London W8 4SG",Breach is for failure to apply for registration at the required time.,"£2,750.00",No appeal,"(56,)",2750.0
Assisi Bookkeeping Limited ASP,"11 Assisi Road Salisbury, Wiltshire SP1 3QZ",Breach is for failure to apply for registration at the required time.,"£2,750.00",No appeal,"(56,)",2750.0
LR Services Dorset Limited ASP,"8 Sea Clover Lane Weymouth Dorset, DT4 9GN",Breach is for failure to apply for registration at the required time.,"£3,700.00",No appeal,"(56,)",3700.0
Rogers & CO Letting Limited EAB,24 Bath Street Somerset BA11 1DJ,Breach is for failure to apply for registration at the required time.,"£2,750.00",No appeal,"(56,)",2750.0
Assisi Bookkeeping Limited ASP,11 Assisi Road Salisbury Wiltshire SP1 3QZ,Breach is for failure to apply for registration at the required time.,"£2,750.00",No appeal,"(56,)",2750.0
DJP Accountancy Limited ASP,"78 Lumley Avenue South Shields Tyne And Wear, NE34 7DL",Breach is for failure to apply for registration at the required time.,"£9,000.00",No appeal,"(56,)",9000.0
LR Services Dorset Limited ASP,"8 Sea Clover Lane Weymouth Dorset, DT4 9GN",Breach is for failure to apply for registration at the required time.,"£3,700.00",No appeal,"(56,)",3700.0
TNO Property Limited EAB,"Cavendish House, Littlewood Court, Cleckheaton, BD19 4TE",Breach is for failure to apply for registration at the required time.,"£1,250.00",No appeal,"(56,)",1250.0
Davis and Gibbs Limited EAB,"Balham, London SW12 8JD",Breach is for failure to apply for registration at the required time.,"£5,500.00",No appeal,"(56,)",5500.0
Shayona Business Services Limited ASP,"127 Whitton Avenue East, Greenfield, Middlesex, UB6 0QE",Breach is for failure to apply for registration at the required time.,"£2,750.00",No appeal,"(56,)",2750.0
Forest Knight Limited EAB,"120 Bunns Lane, London, NW7 2AS",Breach is for failure to apply for registration at the required time.,"£1,850.00",No appeal,"(56,)",1850.0
Proper T Den Limited EAB,"60 Alderway, Swansea, Gb, SA3 5PF",Breach is for failure to apply for registration at the required time.,"£1,350.00",No appeal,"(56,)",1350.0
Anthea Fine Arts Limited AMP,"48 Oakwood Court, London W14 8JY",Breach is for failure to apply for registration at the required time.,"£6,300.00",No appeal,"(56,)",6300.0
London Ledgers Limited ASP,"228 Uppingham Avenue, Middlesex, HA7 2JS",Breach is for failure to apply for registration at the required time.,"£2,750.00",No appeal,"(56,)",2750.0
Danie Barraclough AMP,Chamber Business Centre Oldham OL8 4QQ,Breach is for failure to apply for registration at the required time.,"£2,150.00",No appeal,"(56,)",2150.0
CH2019 Limited EAB,"113 Fore Street, Kingsbridge Devon, TQ7 1BG",Breach is for failure to apply for registration at the required time.,"£5,150.00",No appeal,"(56,)",5150.0
Bathgate Limited AMP,"17 Piccadilly Arcade, London, SW1Y 6NH",Breach is for failures in notifying HMRC of material change.,"£5,000.00",No appeal,"(21,)",5000.0
Linkremit Limited MSB,"5 Whitchurch Lane, Edgware, London, HA8 6JZ",Breach is for failures in notifying HMRC of material change.,"£5,000.00",No appeal,"(21,)",5000.0
Flip Services Limited MSB,Ruby Plaza 80 Ilford Lane Ilford IG1 2LA,Breach is for failures in notifying HMRC of material change.,"£1,250.00",No appeal,"(21,)",1250.0
Javan Exchange Limited MSB,"141 Ballards Lane Finchley Central, London N3 1LJ","Breach is for failures in having the correct policies, controls and procedures and conducting due diligence.","£15,483.00",No appeal,"(19, 33)",15483.0
Sharp Hawk UK Limited HVD,8 Legrace Avenue Hounselow Middlesex TW4 7RS,Breach is for failure to apply for registration at the required time.,"£10,000.00",No appeal,"(56,)",10000.0
HB Clark & Co (Successors) Limited HVD,"Unit 3 Narvik Way, Tyne Tunnel Trading Estate, North Sheilds, NE29 7XJ","Breach is for failures in having the correct policies, controls and procedures, conducting due diligence and failing to apply for registration at the required time.","£28,126.00",No appeal,"(19, 28, 56)",28126.0
Gilmoora House Limited TCSP,"London House, 9a Margaret Street, London, W1W 8RJ","Breach is for failures in carrying out risk assessments, having the correct policies, notifying HMRC of material change, having the correct controls and procedures, appropriate staff training, conducting due diligence and timing of verification.","£18,436.00",No appeal,"(18, 19, 21, 24, 28, 30)",18436.0
Tupelo Property Limited EAB,"199 Chiswick High Road, London, W4 2DR",Breach is for failure to apply for registration at the required time.,"£4,100.00",No appeal,"(56,)",4100.0
